,date,price
0,2017-09-25,368.77
1,2017-09-26,359.35
2,2017-09-27,353.64
3,2017-09-28,351.15
4,2017-10-02,358.99
5,2017-10-03,368.21
6,2017-10-04,370.59
7,2017-10-05,376.39
8,2017-10-08,373.52
9,2017-10-09,379.16
10,2017-10-10,377.79
11,2017-10-11,392.45
12,2017-10-12,394.11
13,2017-10-15,394.27
14,2017-10-16,393.17
15,2017-10-17,411.22
16,2017-10-18,409.15
17,2017-10-22,422.58
18,2017-10-23,420.1
19,2017-10-24,422.64
20,2017-10-25,426.02
21,2017-10-26,418.12
22,2017-10-29,423.81
23,2017-10-30,423.07
24,2017-10-31,428.33
25,2017-11-01,425.66
26,2017-11-02,425.07
27,2017-11-05,419.32
28,2017-11-06,407.71
29,2017-11-07,399.21
30,2017-11-08,404.93
31,2017-11-09,397.44
32,2017-11-12,393.57
33,2017-11-13,398.72
34,2017-11-14,397.37
35,2017-11-15,406.43
36,2017-11-16,410.05
37,2017-11-19,414.08
38,2017-11-20,419.34
39,2017-11-21,418.53
40,2017-11-22,425.84
41,2017-11-23,427.68
42,2017-11-26,427.79
43,2017-11-27,424.19
44,2017-11-28,425.39
45,2017-11-29,414.39
46,2017-11-30,409.24
47,2017-12-03,405.42
48,2017-12-04,410.86
49,2017-12-05,416.68
50,2017-12-06,418.89
51,2017-12-07,414.14
52,2017-12-10,411.96
53,2017-12-11,411.72
54,2017-12-12,411.29
55,2017-12-13,414.37
56,2017-12-14,413.58
57,2017-12-17,414.14
58,2017-12-18,416.37
59,2017-12-19,412.86
60,2017-12-20,410.52
61,2017-12-21,413.87
62,2017-12-25,418.1
63,2017-12-26,415.38
64,2017-12-27,415.58
65,2017-12-28,414.17
66,2017-12-31,409.09
67,2018-01-01,409.71
68,2018-01-02,411.36
69,2018-01-03,413.83
70,2018-01-04,415.16
71,2018-01-07,417.54
72,2018-01-08,423.11
73,2018-01-09,423.74
74,2018-01-10,421.68
75,2018-01-11,426.73
76,2018-01-14,426.8
77,2018-01-15,415.02
78,2018-01-16,415.72
79,2018-01-17,413.56
80,2018-01-18,418.78
81,2018-01-21,436.85
82,2018-01-22,442.14
83,2018-01-23,434.54
84,2018-01-24,434.33
85,2018-01-28,433.7
86,2018-01-29,427.36
87,2018-01-30,432.27
88,2018-01-31,424.42
89,2018-02-01,406.66
90,2018-02-04,405.67
91,2018-02-05,401.15
92,2018-02-06,402.18
93,2018-02-07,406.75
94,2018-02-08,403.73
95,2018-02-11,411.67
96,2018-02-13,419.83
97,2018-02-14,420.73
98,2018-02-15,414.28
99,2018-02-18,416.84
100,2018-02-19,414.19
101,2018-02-20,417.9
102,2018-02-21,415.65
103,2018-02-22,420.1
104,2018-02-25,422.1
105,2018-02-26,427.41
106,2018-02-27,429.23
107,2018-02-28,426.46
108,2018-03-04,415.54
109,2018-03-05,409.58
110,2018-03-06,400.09
111,2018-03-07,409.85
112,2018-03-08,410.59
113,2018-03-11,418.33
114,2018-03-12,419.02
115,2018-03-13,417.76
116,2018-03-14,410.01
117,2018-03-15,404.72
118,2018-03-18,402.68
119,2018-03-19,400.11
120,2018-03-20,403.31
121,2018-03-21,408.37
122,2018-03-22,401.96
123,2018-03-25,405.2
124,2018-03-26,404.61
125,2018-03-27,396.92
126,2018-04-01,401.53
127,2018-04-02,404.5
128,2018-04-03,402.41
129,2018-04-04,408.39
130,2018-04-05,409.65
131,2018-04-08,411.9
132,2018-04-09,412.37
133,2018-04-10,418.57
134,2018-04-11,417.61
135,2018-04-12,422.17
136,2018-04-15,421.36
137,2018-04-16,424.6
138,2018-04-17,421.79
139,2018-04-18,423.72
140,2018-04-19,417.25
141,2018-04-22,420.89
142,2018-04-23,436.2
143,2018-04-24,436.4
144,2018-04-25,438.58
145,2018-04-26,448.0
146,2018-04-29,433.16
147,2018-05-01,437.39
148,2018-05-02,432.4
149,2018-05-03,428.96
150,2018-05-06,436.63
151,2018-05-07,434.87
152,2018-05-08,439.19
153,2018-05-09,441.19
154,2018-05-10,444.83
155,2018-05-13,443.64
156,2018-05-14,440.2
157,2018-05-15,429.95
158,2018-05-16,425.09
159,2018-05-17,419.92
160,2018-05-20,418.8
161,2018-05-21,416.73
162,2018-05-22,410.21
163,2018-05-23,411.83
164,2018-05-24,414.05
165,2018-05-27,413.87
166,2018-05-28,412.55
167,2018-05-29,411.94
168,2018-05-30,414.3
169,2018-05-31,418.44
170,2018-06-03,423.07
171,2018-06-04,426.13
172,2018-06-05,429.16
173,2018-06-06,436.78
174,2018-06-07,442.63
175,2018-06-10,441.87
176,2018-06-11,448.39
177,2018-06-12,450.79
178,2018-06-13,453.24
179,2018-06-14,456.05
180,2018-06-17,456.66
181,2018-06-18,447.89
182,2018-06-19,458.32
183,2018-06-20,464.03
184,2018-06-21,455.29
185,2018-06-24,451.67
186,2018-06-25,440.2
187,2018-06-26,434.31
188,2018-06-27,424.91
189,2018-06-28,437.28
190,2018-07-01,431.95
191,2018-07-02,436.76
192,2018-07-03,445.22
193,2018-07-04,433.7
194,2018-07-05,439.57
195,2018-07-08,448.36
196,2018-07-09,461.22
197,2018-07-10,467.11
198,2018-07-11,486.7
199,2018-07-12,494.54
200,2018-07-15,483.93
201,2018-07-16,491.19
202,2018-07-17,491.28
203,2018-07-18,496.82
204,2018-07-19,507.52
205,2018-07-22,503.76
206,2018-07-23,499.56
207,2018-07-24,501.45
208,2018-07-25,499.42
209,2018-07-26,508.06
210,2018-07-29,517.75
211,2018-07-30,533.31
212,2018-07-31,536.16
213,2018-08-01,525.37
214,2018-08-02,529.24
215,2018-08-05,536.27
216,2018-08-06,532.5
217,2018-08-07,547.56
218,2018-08-08,547.67
219,2018-08-09,541.49
220,2018-08-12,534.07
221,2018-08-13,544.37
222,2018-08-15,539.96
223,2018-08-16,541.29
224,2018-08-19,555.29
225,2018-08-20,560.83
226,2018-08-22,570.83
227,2018-08-23,574.45
228,2018-08-26,580.75
229,2018-08-27,593.11
230,2018-08-28,581.96
231,2018-08-29,573.08
232,2018-08-30,558.33
233,2018-09-02,552.71
234,2018-09-03,558.46
235,2018-09-04,551.74
236,2018-09-05,567.21
237,2018-09-06,574.94
238,2018-09-09,564.72
239,2018-09-10,556.55
240,2018-09-11,563.21
241,2018-09-13,563.5
242,2018-09-16,551.25
243,2018-09-17,547.31
244,2018-09-18,544.44
245,2018-09-20,547.47
246,2018-09-23,554.01
247,2018-09-24,553.36
248,2018-09-25,562.71
249,2018-09-26,563.77
250,2018-09-27,565.66
251,2018-09-30,553.86
252,2018-10-02,541.89
253,2018-10-03,504.64
254,2018-10-04,471.63
255,2018-10-07,498.86
256,2018-10-08,490.16
257,2018-10-09,495.58
258,2018-10-10,489.15
259,2018-10-11,506.57
260,2018-10-14,512.51
261,2018-10-15,523.32
262,2018-10-16,517.7
263,2018-10-18,495.22
264,2018-10-21,477.84
265,2018-10-22,474.26
266,2018-10-23,470.24
267,2018-10-24,463.52
268,2018-10-25,469.86
269,2018-10-28,489.15
270,2018-10-29,475.3
271,2018-10-30,477.21
272,2018-10-31,474.96
273,2018-11-01,483.35
274,2018-11-04,490.27
275,2018-11-05,496.48
276,2018-11-06,499.45
277,2018-11-08,491.69
278,2018-11-11,485.64
279,2018-11-12,494.39
280,2018-11-13,493.71
281,2018-11-14,493.22
282,2018-11-15,506.96
283,2018-11-18,517.12
284,2018-11-19,511.45
285,2018-11-20,500.44
286,2018-11-21,495.92
287,2018-11-25,499.02
288,2018-11-26,507.31
289,2018-11-27,518.31
290,2018-11-28,525.44
291,2018-11-29,525.01
292,2018-12-02,520.02
293,2018-12-03,518.15
294,2018-12-04,519.43
295,2018-12-05,505.27
296,2018-12-06,509.83
297,2018-12-09,490.25
298,2018-12-10,493.53
299,2018-12-11,499.36
300,2018-12-12,497.8
301,2018-12-13,500.12
302,2018-12-16,508.08
303,2018-12-17,511.0
304,2018-12-18,511.18
305,2018-12-19,507.43
306,2018-12-20,494.72
307,2018-12-23,489.76
308,2018-12-25,493.89
309,2018-12-26,503.72
310,2018-12-27,506.12
311,2018-12-30,504.19
312,2018-12-31,504.08
313,2019-01-01,497.51
314,2019-01-02,491.37
315,2019-01-03,494.03
316,2019-01-06,496.77
317,2019-01-07,496.73
318,2019-01-08,499.47
319,2019-01-09,498.01
320,2019-01-10,493.76
321,2019-01-13,493.2
322,2019-01-14,507.97
323,2019-01-15,510.78
324,2019-01-16,510.13
325,2019-01-17,532.56
326,2019-01-20,556.55
327,2019-01-21,555.41
328,2019-01-22,551.43
329,2019-01-23,560.94
330,2019-01-24,560.29
331,2019-01-27,552.89
332,2019-01-28,544.39
333,2019-01-29,537.67
334,2019-01-30,551.81
335,2019-01-31,562.06
336,2019-02-03,580.48
337,2019-02-04,580.77
338,2019-02-05,589.18
339,2019-02-06,580.25
340,2019-02-07,574.54
341,2019-02-10,563.55
342,2019-02-11,564.96
343,2019-02-12,560.26
344,2019-02-13,550.48
345,2019-02-14,559.59
346,2019-02-17,548.64
347,2019-02-18,546.84
348,2019-02-19,555.05
349,2019-02-20,560.69
350,2019-02-21,554.15
351,2019-02-24,554.13
352,2019-02-25,548.71
353,2019-02-26,550.17
354,2019-02-27,553.56
355,2019-02-28,551.31
356,2019-03-04,556.53
357,2019-03-05,568.74
358,2019-03-06,571.19
359,2019-03-07,569.77
360,2019-03-10,586.41
361,2019-03-11,598.66
362,2019-03-12,605.84
363,2019-03-13,603.25
364,2019-03-14,594.3
365,2019-03-17,607.07
366,2019-03-18,618.99
367,2019-03-19,618.5
368,2019-03-21,603.34
369,2019-03-24,595.56
370,2019-03-25,614.81
371,2019-03-26,606.71
372,2019-03-27,611.55
373,2019-03-28,613.01
374,2019-03-31,625.87
375,2019-04-01,624.9
376,2019-04-02,618.38
377,2019-04-03,608.42
378,2019-04-04,608.8
379,2019-04-07,597.72
380,2019-04-08,600.06
381,2019-04-09,598.69
382,2019-04-10,605.61
383,2019-04-11,603.95
384,2019-04-14,602.62
385,2019-04-15,604.24
386,2019-04-17,623.22
387,2019-04-21,604.96
388,2019-04-22,613.28
389,2019-04-23,624.81
390,2019-04-24,617.12
391,2019-04-25,626.3
392,2019-04-29,626.3
393,2019-05-01,631.81
394,2019-05-02,633.51
395,2019-05-05,622.74
396,2019-05-06,604.13
397,2019-05-07,584.32
398,2019-05-08,564.98
399,2019-05-09,562.6
400,2019-05-12,554.01
401,2019-05-13,566.78
402,2019-05-14,565.19
403,2019-05-15,568.99
404,2019-05-16,569.91
405,2019-05-19,596.21
406,2019-05-20,602.46
407,2019-05-21,602.73
408,2019-05-22,599.81
409,2019-05-23,601.14
410,2019-05-26,589.36
411,2019-05-27,595.25
412,2019-05-28,590.44
413,2019-05-29,597.95
414,2019-05-30,598.13
415,2019-06-02,611.64
416,2019-06-03,607.79
417,2019-06-05,596.87
418,2019-06-06,591.27
419,2019-06-09,593.18
420,2019-06-10,597.68
421,2019-06-11,599.02
422,2019-06-12,596.82
423,2019-06-13,592.46
424,2019-06-16,576.61
425,2019-06-17,576.02
426,2019-06-18,574.38
427,2019-06-19,583.11
428,2019-06-20,575.35
429,2019-06-23,567.66
430,2019-06-24,582.7
431,2019-06-25,581.94
432,2019-06-26,572.94
433,2019-06-27,563.48
434,2019-06-30,570.56
435,2019-07-01,574.9
436,2019-07-02,576.72
437,2019-07-03,577.37
438,2019-07-04,568.09
439,2019-07-07,563.01
440,2019-07-08,575.62
441,2019-07-09,575.06
442,2019-07-10,576.27
443,2019-07-11,575.8
444,2019-07-14,573.82
445,2019-07-15,581.42
446,2019-07-16,576.41
447,2019-07-17,567.41
448,2019-07-18,561.63
449,2019-07-21,575.8
450,2019-07-22,572.67
451,2019-07-23,566.18
452,2019-07-24,553.77
453,2019-07-25,545.81
454,2019-07-28,544.52
455,2019-07-29,531.01
456,2019-07-30,524.42
457,2019-07-31,530.72
458,2019-08-01,532.56
459,2019-08-04,514.13
460,2019-08-05,507.36
461,2019-08-06,498.86
462,2019-08-07,518.17
463,2019-08-08,522.56
464,2019-08-12,573.21
465,2019-08-13,579.28
466,2019-08-15,574.68
467,2019-08-18,581.24
468,2019-08-19,573.75
469,2019-08-20,571.51
470,2019-08-21,560.62
471,2019-08-22,573.71
472,2019-08-25,569.64
473,2019-08-26,573.26
474,2019-08-27,568.07
475,2019-08-28,558.37
476,2019-08-29,561.43
477,2019-09-02,542.48
478,2019-09-03,540.12
479,2019-09-04,538.97
480,2019-09-05,549.72
481,2019-09-08,549.58
482,2019-09-10,555.07
483,2019-09-11,544.26
484,2019-09-12,551.11
485,2019-09-15,544.44
486,2019-09-16,538.45
487,2019-09-17,542.16
488,2019-09-18,530.18
489,2019-09-19,564.04
490,2019-09-22,557.23
491,2019-09-23,574.99
492,2019-09-24,575.37
493,2019-09-25,583.13
494,2019-09-26,588.64
495,2019-09-29,599.07
496,2019-09-30,586.77
497,2019-10-02,589.54
498,2019-10-03,588.21
499,2019-10-06,589.11
500,2019-10-08,595.7
501,2019-10-09,612.78
502,2019-10-10,608.22
503,2019-10-13,610.65
504,2019-10-14,613.41
505,2019-10-15,617.1
506,2019-10-16,627.96
507,2019-10-17,636.89
508,2019-10-21,635.9
509,2019-10-22,626.12
510,2019-10-23,645.93
511,2019-10-24,643.56
512,2019-10-26,644.94
513,2019-10-28,659.68
514,2019-10-29,665.1
515,2019-10-30,658.47
516,2019-10-31,655.12
517,2019-11-03,655.46
518,2019-11-04,650.8
519,2019-11-05,645.23
520,2019-11-06,655.89
521,2019-11-07,649.99
522,2019-11-10,642.04
523,2019-11-12,662.05
524,2019-11-13,657.75
525,2019-11-14,661.39
526,2019-11-17,656.15
527,2019-11-18,678.89
528,2019-11-19,695.93
529,2019-11-20,691.41
530,2019-11-21,695.41
531,2019-11-24,702.18
532,2019-11-25,701.59
533,2019-11-26,705.91
534,2019-11-27,710.61
535,2019-11-28,697.5
536,2019-12-01,713.4
537,2019-12-02,709.98
538,2019-12-03,698.2
539,2019-12-04,697.37
540,2019-12-05,699.19
541,2019-12-08,707.15
542,2019-12-09,702.36
543,2019-12-10,702.56
544,2019-12-11,705.17
545,2019-12-12,711.78
546,2019-12-15,704.45
547,2019-12-16,702.7
548,2019-12-17,708.61
549,2019-12-18,723.94
550,2019-12-19,719.06
551,2019-12-22,706.61
552,2019-12-23,695.39
553,2019-12-25,681.43
554,2019-12-26,693.54
555,2019-12-29,694.38
556,2019-12-30,680.82
557,2019-12-31,678.82
558,2020-01-01,690.37
559,2020-01-02,691.21
560,2020-01-05,675.18
561,2020-01-06,685.56
562,2020-01-07,680.41
563,2020-01-08,696.09
564,2020-01-09,695.93
565,2020-01-12,694.15
566,2020-01-13,687.72
567,2020-01-14,685.23
568,2020-01-15,691.54
569,2020-01-16,710.92
570,2020-01-19,689.05
571,2020-01-20,689.75
572,2020-01-21,689.5
573,2020-01-22,686.57
574,2020-01-23,684.19
575,2020-01-26,677.45
576,2020-01-27,661.8
577,2020-01-28,665.44
578,2020-01-29,649.21
579,2020-01-30,634.77
580,2020-01-31,622.05
581,2020-02-02,623.01
582,2020-02-03,641.41
583,2020-02-04,651.34
584,2020-02-05,655.53
585,2020-02-06,644.67
586,2020-02-09,645.54
587,2020-02-10,653.25
588,2020-02-11,661.15
589,2020-02-12,662.88
590,2020-02-13,668.93
591,2020-02-16,664.72
592,2020-02-17,659.84
593,2020-02-18,676.21
594,2020-02-19,668.18
595,2020-02-23,649.75
596,2020-02-24,636.91
597,2020-02-25,625.94
598,2020-02-26,623.35
599,2020-02-27,597.45
600,2020-03-01,591.83
601,2020-03-02,603.84
602,2020-03-03,602.42
603,2020-03-04,589.58
604,2020-03-05,571.53
605,2020-03-08,501.0
606,2020-03-10,518.71
607,2020-03-11,478.0
608,2020-03-12,497.02
609,2020-03-15,456.73
610,2020-03-16,453.26
611,2020-03-17,435.5
612,2020-03-18,412.66
613,2020-03-19,457.74
614,2020-03-22,397.53
615,2020-03-23,424.22
616,2020-03-24,486.65
617,2020-03-25,479.44
618,2020-03-26,479.17
619,2020-03-29,463.36
620,2020-03-30,500.82
621,2020-03-31,485.84
622,2020-04-02,484.49
623,2020-04-06,542.34
624,2020-04-07,536.07
625,2020-04-08,548.57
626,2020-04-12,534.72
627,2020-04-14,517.05
628,2020-04-15,525.23
629,2020-04-16,550.39
630,2020-04-19,559.3
631,2020-04-20,556.4
632,2020-04-21,613.17
633,2020-04-22,616.45
634,2020-04-23,637.18
635,2020-04-26,642.91
636,2020-04-27,642.19
637,2020-04-28,641.65
638,2020-04-29,659.21
639,2020-05-03,645.36
640,2020-05-04,656.81
641,2020-05-05,656.85
642,2020-05-06,677.63
643,2020-05-07,702.29
644,2020-05-10,709.04
645,2020-05-11,665.17
646,2020-05-12,679.28
647,2020-05-13,651.82
648,2020-05-14,662.47
649,2020-05-17,654.0
650,2020-05-18,639.54
651,2020-05-19,650.8
652,2020-05-20,654.23
653,2020-05-21,649.82
654,2020-05-25,646.42
655,2020-05-26,656.18
656,2020-05-27,668.3
657,2020-05-28,664.74
658,2020-05-31,690.13
659,2020-06-01,697.1
660,2020-06-02,699.8
661,2020-06-03,717.12
662,2020-06-04,717.98
663,2020-06-07,712.44
664,2020-06-08,697.76
665,2020-06-09,713.65
666,2020-06-10,698.01
667,2020-06-11,721.2
668,2020-06-14,732.89
669,2020-06-15,734.32
670,2020-06-16,733.26
671,2020-06-17,751.66
672,2020-06-18,798.64
673,2020-06-21,792.63
674,2020-06-22,781.17
675,2020-06-23,784.32
676,2020-06-24,779.81
677,2020-06-25,790.59
678,2020-06-28,782.19
679,2020-06-29,773.54
680,2020-06-30,788.75
681,2020-07-01,799.08
682,2020-07-02,811.58
683,2020-07-05,840.59
684,2020-07-06,827.72
685,2020-07-07,816.17
686,2020-07-08,828.08
687,2020-07-09,852.5
688,2020-07-12,878.35
689,2020-07-13,870.18
690,2020-07-14,837.05
691,2020-07-15,836.77
692,2020-07-16,867.78
693,2020-07-19,871.5
694,2020-07-20,894.95
695,2020-07-21,909.68
696,2020-07-22,934.1
697,2020-07-23,974.2
698,2020-07-26,978.76
699,2020-07-27,988.52
700,2020-07-28,951.73
701,2020-07-29,957.27
702,2020-07-30,938.32
703,2020-08-02,911.95
704,2020-08-03,976.22
705,2020-08-04,965.26
706,2020-08-05,968.73
707,2020-08-06,974.34
708,2020-08-09,962.26
709,2020-08-10,968.6
710,2020-08-11,965.78
711,2020-08-12,963.26
712,2020-08-13,959.52
713,2020-08-16,949.33
714,2020-08-17,961.67
715,2020-08-18,967.57
716,2020-08-19,951.91
717,2020-08-20,945.01
718,2020-08-23,951.32
719,2020-08-24,945.13
720,2020-08-25,970.18
721,2020-08-26,958.06
722,2020-08-27,960.58
723,2020-08-30,944.49
724,2020-08-31,947.47
725,2020-09-01,966.05
726,2020-09-02,958.75
727,2020-09-03,942.93
728,2020-09-06,945.38
729,2020-09-07,956.48
730,2020-09-08,981.1
731,2020-09-09,1050.39
732,2020-09-10,1053.0
733,2020-09-13,1045.2
734,2020-09-14,1052.6
735,2020-09-15,1055.18
736,2020-09-16,1043.47
737,2020-09-17,1046.63
738,2020-09-20,1024.0
739,2020-09-21,1003.71
740,2020-09-22,1012.63
741,2020-09-23,990.11
742,2020-09-24,999.42
743,2020-09-27,1006.02
744,2020-09-28,1019.1
745,2020-09-29,1014.24
746,2020-09-30,1010.11
747,2020-10-04,1004.18
748,2020-10-05,1003.34
749,2020-10-06,1024.75
750,2020-10-07,1016.46
751,2020-10-08,1013.83
752,2020-10-11,1015.46
753,2020-10-12,1035.28
754,2020-10-13,1038.36
755,2020-10-14,1001.6
756,2020-10-15,987.66
757,2020-10-18,987.84
758,2020-10-19,978.63
759,2020-10-20,964.42
760,2020-10-21,956.41
761,2020-10-22,959.18
762,2020-10-25,921.07
763,2020-10-26,923.52
764,2020-10-27,913.06
765,2020-10-28,920.07
766,2020-10-29,932.6
767,2020-11-01,852.23
768,2020-11-02,839.95
769,2020-11-03,868.46
770,2020-11-04,887.43
771,2020-11-05,921.09
772,2020-11-08,930.87
773,2020-11-09,946.24
774,2020-11-10,906.59
775,2020-11-11,898.78
776,2020-11-12,906.23
777,2020-11-13,908.9
778,2020-11-16,904.8
779,2020-11-17,902.05
780,2020-11-18,895.67
781,2020-11-19,862.24
782,2020-11-22,885.48
783,2020-11-23,891.54
784,2020-11-24,884.16
785,2020-11-25,886.34
786,2020-11-26,875.99
787,2020-11-30,887.39
788,2020-12-01,888.86
789,2020-12-02,891.54
790,2020-12-03,883.69
791,2020-12-06,888.89
792,2020-12-07,905.02
793,2020-12-08,920.09
794,2020-12-09,911.04
795,2020-12-10,910.49
796,2020-12-13,903.91
797,2020-12-14,896.22
798,2020-12-15,897.22
799,2020-12-16,901.32
800,2020-12-17,904.02
801,2020-12-20,880.49
802,2020-12-21,879.13
803,2020-12-22,882.37
804,2020-12-23,905.2
805,2020-12-27,909.36
806,2020-12-28,903.34
807,2020-12-29,905.82
808,2020-12-30,901.19
809,2020-12-31,902.19
810,2021-01-03,903.71
811,2021-01-04,892.47
812,2021-01-05,868.94
813,2021-01-06,867.53
814,2021-01-07,877.76
815,2021-01-10,861.22
816,2021-01-11,888.36
817,2021-01-12,880.08
818,2021-01-13,889.98
819,2021-01-14,879.47
820,2021-01-17,900.57
821,2021-01-18,915.3
822,2021-01-19,932.69
823,2021-01-20,952.98
824,2021-01-21,930.37
825,2021-01-24,881.08
826,2021-01-26,860.2
827,2021-01-27,851.82
828,2021-01-28,836.12
829,2021-01-31,860.33
830,2021-02-01,874.18
831,2021-02-02,876.38
832,2021-02-03,873.5
833,2021-02-04,873.25
834,2021-02-07,885.82
835,2021-02-08,887.96
836,2021-02-09,896.19
837,2021-02-10,933.14
838,2021-02-11,926.74
839,2021-02-14,922.66
840,2021-02-15,934.87
841,2021-02-16,945.65
842,2021-02-17,938.59
843,2021-02-18,944.31
844,2021-02-21,911.54
845,2021-02-22,918.5
846,2021-02-23,935.55
847,2021-02-24,973.38
848,2021-02-25,946.81
849,2021-02-28,954.02
850,2021-03-01,955.98
851,2021-03-02,999.6
852,2021-03-03,987.68
853,2021-03-04,988.98
854,2021-03-07,994.61
855,2021-03-08,994.58
856,2021-03-09,990.45
857,2021-03-11,970.32
858,2021-03-14,957.29
859,2021-03-15,953.53
860,2021-03-16,932.99
861,2021-03-17,911.99
862,2021-03-18,945.08
863,2021-03-21,936.19
864,2021-03-22,947.58
865,2021-03-23,929.33
866,2021-03-24,903.98
867,2021-03-25,905.43
868,2021-03-29,921.16
869,2021-03-30,909.27
870,2021-03-31,917.78
871,2021-04-04,904.5
872,2021-04-05,900.73
873,2021-04-06,909.15
874,2021-04-07,910.29
875,2021-04-08,899.71
876,2021-04-11,867.53
877,2021-04-12,876.9
878,2021-04-14,882.58
879,2021-04-15,877.04
880,2021-04-18,863.24
881,2021-04-19,862.99
882,2021-04-21,865.37
883,2021-04-22,864.44
884,2021-04-25,879.65
885,2021-04-26,902.71
886,2021-04-27,906.63
887,2021-04-28,918.78
888,2021-04-29,905.36
889,2021-05-02,889.27
890,2021-05-03,870.0
891,2021-05-04,871.59
892,2021-05-05,876.54
893,2021-05-06,876.88
894,2021-05-09,874.36
895,2021-05-10,877.51
896,2021-05-11,868.44
897,2021-05-13,879.4
898,2021-05-16,889.86
899,2021-05-17,902.39
900,2021-05-18,906.52
901,2021-05-19,901.23
902,2021-05-20,909.02
903,2021-05-23,901.35
904,2021-05-24,891.13
905,2021-05-25,894.26
906,2021-05-26,897.01
907,2021-05-27,950.89
908,2021-05-30,980.62
909,2021-05-31,984.53
910,2021-06-01,999.21
911,2021-06-02,1003.03
912,2021-06-03,994.33
913,2021-06-06,1011.08
914,2021-06-07,1005.27
915,2021-06-08,987.3
916,2021-06-09,990.93
917,2021-06-10,1004.62
918,2021-06-13,1019.03
919,2021-06-14,1021.34
920,2021-06-15,1003.91
921,2021-06-16,1005.75
922,2021-06-17,1010.29
923,2021-06-20,1015.55
924,2021-06-21,1010.33
925,2021-06-22,1001.07
926,2021-06-23,977.54
927,2021-06-24,955.27
928,2021-06-27,946.9
929,2021-06-28,947.72
930,2021-06-29,958.09
931,2021-06-30,952.32
932,2021-07-01,966.44
933,2021-07-04,976.04
934,2021-07-05,964.51
935,2021-07-06,957.82
936,2021-07-07,949.89
937,2021-07-08,940.18
938,2021-07-11,946.04
939,2021-07-12,953.12
940,2021-07-13,946.9
941,2021-07-14,945.24
942,2021-07-15,958.88
943,2021-07-18,952.78
944,2021-07-19,950.44
945,2021-07-21,962.65
946,2021-07-22,955.84
947,2021-07-25,942.74
948,2021-07-26,932.83
949,2021-07-27,924.81
950,2021-07-28,932.03
951,2021-07-29,923.88
952,2021-08-01,940.77
953,2021-08-02,947.69
954,2021-08-03,954.96
955,2021-08-04,968.8
956,2021-08-05,948.28
957,2021-08-08,942.88
958,2021-08-09,947.83
959,2021-08-10,961.11
960,2021-08-11,958.02
961,2021-08-12,973.97
962,2021-08-15,986.62
963,2021-08-16,982.42
964,2021-08-17,986.23
965,2021-08-19,975.16
966,2021-08-22,981.56
967,2021-08-23,991.25
968,2021-08-24,999.83
969,2021-08-25,1012.47
970,2021-08-26,1011.08
971,2021-08-29,1030.53
972,2021-08-30,1025.04
973,2021-08-31,1029.1
974,2021-09-01,1041.5
975,2021-09-02,1084.21
976,2021-09-05,1101.05
977,2021-09-06,1108.0
978,2021-09-07,1103.66
979,2021-09-08,1101.05
980,2021-09-12,1076.52
981,2021-09-13,1075.11
982,2021-09-14,1079.58
983,2021-09-15,1102.23
984,2021-09-16,1085.14
985,2021-09-19,1086.87
986,2021-09-20,1091.57
987,2021-09-21,1103.28
988,2021-09-22,1130.24
989,2021-09-23,1126.97
990,2021-09-26,1145.92
991,2021-09-27,1156.64
992,2021-09-28,1147.47
993,2021-09-29,1143.56
994,2021-09-30,1145.58
995,2021-10-03,1160.31
996,2021-10-04,1184.39
997,2021-10-05,1161.99
998,2021-10-06,1167.69
999,2021-10-07,1212.56
1000,2021-10-10,1204.12
1001,2021-10-11,1210.99
1002,2021-10-12,1223.32
1003,2021-10-13,1225.79
1004,2021-10-17,1229.06
1005,2021-10-18,1240.07
1006,2021-10-19,1225.79
1007,2021-10-20,1190.43
1008,2021-10-21,1192.66
1009,2021-10-24,1181.04
1010,2021-10-25,1207.93
1011,2021-10-26,1192.66
1012,2021-10-27,1179.58
1013,2021-10-28,1151.28
1014,2021-10-31,1151.98
1015,2021-11-01,1135.19
1016,2021-11-02,1127.38
1017,2021-11-03,1134.3
1018,2021-11-07,1135.71
1019,2021-11-08,1144.68
1020,2021-11-09,1157.48
1021,2021-11-10,1159.59
1022,2021-11-11,1177.09
1023,2021-11-14,1170.14
1024,2021-11-15,1142.95
1025,2021-11-16,1118.48
1026,2021-11-17,1122.71
1027,2021-11-21,1072.98
1028,2021-11-22,1083.01
1029,2021-11-23,1067.37
1030,2021-11-24,1131.62
1031,2021-11-25,1095.15
1032,2021-11-28,1108.27
1033,2021-11-29,1091.88
1034,2021-11-30,1119.85
1035,2021-12-01,1127.04
1036,2021-12-02,1093.18
1037,2021-12-05,1072.46
1038,2021-12-06,1081.19
1039,2021-12-07,1097.65
1040,2021-12-08,1115.06
1041,2021-12-09,1116.19
1042,2021-12-12,1093.81
1043,2021-12-13,1080.42
1044,2021-12-14,1077.27
1045,2021-12-15,1091.2
1046,2021-12-16,1062.4
1047,2021-12-19,1033.76
1048,2021-12-20,1049.15
1049,2021-12-21,1074.04
1050,2021-12-22,1073.66
1051,2021-12-23,1077.09
1052,2021-12-26,1075.93
1053,2021-12-27,1088.71
1054,2021-12-28,1090.57
1055,2021-12-29,1070.87
1056,2021-12-30,1074.97
1057,2022-01-02,1091.18
1058,2022-01-03,1115.81
1059,2022-01-04,1121.03
1060,2022-01-05,1096.92
1061,2022-01-06,1105.77
1062,2022-01-09,1106.68
1063,2022-01-10,1114.65
1064,2022-01-11,1144.4
1065,2022-01-12,1150.85
1066,2022-01-13,1152.53
1067,2022-01-16,1158.54
1068,2022-01-17,1144.72
1069,2022-01-18,1144.63
1070,2022-01-19,1124.59
1071,2022-01-20,1124.77
1072,2022-01-23,1079.4
1073,2022-01-24,1077.29
1074,2022-01-26,1061.33
1075,2022-01-27,1060.31
1076,2022-01-30,1083.35
1077,2022-01-31,1079.76
1078,2022-02-01,1081.96
1079,2022-02-02,1067.98
1080,2022-02-03,1058.25
1081,2022-02-06,1051.8
1082,2022-02-07,1069.48
1083,2022-02-08,1081.94
1084,2022-02-09,1080.83
1085,2022-02-10,1078.72
1086,2022-02-13,1061.54
1087,2022-02-14,1097.58
1088,2022-02-15,1095.31
1089,2022-02-16,1109.18
1090,2022-02-17,1100.51
1091,2022-02-20,1089.39
1092,2022-02-21,1084.44
1093,2022-02-22,1077.65
1094,2022-02-23,1023.95
1095,2022-02-24,1036.75
1096,2022-02-27,1071.07
1097,2022-03-01,1088.77
1098,2022-03-02,1079.58
1099,2022-03-03,1055.64
1100,2022-03-06,1016.6
1101,2022-03-07,1014.76
1102,2022-03-08,1068.6
1103,2022-03-09,1085.91
1104,2022-03-10,1089.05
1105,2022-03-13,1097.99
1106,2022-03-14,1072.84
1107,2022-03-15,1090.95
1108,2022-03-16,1126.52
1109,2022-03-20,1120.03
1110,2022-03-21,1148.96
1111,2022-03-22,1152.62
1112,2022-03-23,1170.53
1113,2022-03-24,1178.33
1114,2022-03-27,1190.18
1115,2022-03-28,1190.45
1116,2022-03-29,1213.33
1117,2022-03-30,1195.99
1118,2022-03-31,1205.57
1119,2022-04-03,1209.13
1120,2022-04-04,1192.04
1121,2022-04-05,1188.87
1122,2022-04-06,1167.89
1123,2022-04-07,1187.32
1124,2022-04-10,1184.85
1125,2022-04-11,1162.54
1126,2022-04-12,1158.27
1127,2022-04-17,1154.73
1128,2022-04-18,1198.74
1129,2022-04-19,1233.99
1130,2022-04-20,1262.88
1131,2022-04-21,1252.3
1132,2022-04-24,1223.34
1133,2022-04-25,1259.95
1134,2022-04-26,1261.18
1135,2022-04-27,1280.01
1136,2022-04-28,1266.58
1137,2022-05-01,1262.13
1138,2022-05-03,1222.73
1139,2022-05-04,1198.78
1140,2022-05-05,1189.59
1141,2022-05-08,1143.13
1142,2022-05-09,1123.32
1143,2022-05-10,1111.81
1144,2022-05-11,1089.16
1145,2022-05-12,1101.51
1146,2022-05-15,1101.78
1147,2022-05-16,1148.06
1148,2022-05-17,1152.23
1149,2022-05-18,1125.68
1150,2022-05-19,1191.32
1151,2022-05-22,1183.35
1152,2022-05-23,1187.41
1153,2022-05-24,1185.67
1154,2022-05-25,1174.36
1155,2022-05-26,1168.92
1156,2022-05-29,1209.63
1157,2022-05-30,1195.04
1158,2022-05-31,1195.42
1159,2022-06-01,1236.64
1160,2022-06-02,1261.7
1161,2022-06-05,1256.27
1162,2022-06-06,1258.63
1163,2022-06-07,1236.53
1164,2022-06-08,1270.44
1165,2022-06-09,1232.08
1166,2022-06-12,1208.77
1167,2022-06-13,1192.97
1168,2022-06-14,1178.54
1169,2022-06-15,1162.06
1170,2022-06-16,1175.68
1171,2022-06-19,1154.37
1172,2022-06-20,1173.0
1173,2022-06-21,1137.37
1174,2022-06-22,1118.91
1175,2022-06-23,1134.85
1176,2022-06-26,1131.49
1177,2022-06-27,1147.4
1178,2022-06-28,1171.21
1179,2022-06-29,1178.24
1180,2022-06-30,1093.38
1181,2022-07-03,1095.65
1182,2022-07-04,1104.53
1183,2022-07-05,1094.81
1184,2022-07-06,1084.03
1185,2022-07-07,1085.53
1186,2022-07-10,1100.28
1187,2022-07-11,1098.71
1188,2022-07-12,1079.24
1189,2022-07-13,1088.14
1190,2022-07-14,1090.25
1191,2022-07-17,1099.53
1192,2022-07-18,1106.27
1193,2022-07-19,1136.19
1194,2022-07-20,1128.61
1195,2022-07-21,1136.23
1196,2022-07-24,1098.69
1197,2022-07-25,1099.19
1198,2022-07-26,1098.15
1199,2022-07-27,1115.35
1200,2022-07-28,1139.11
1201,2022-07-31,1168.8
1202,2022-08-01,1173.25
1203,2022-08-02,1183.1
1204,2022-08-03,1167.46
1205,2022-08-04,1150.26
1206,2022-08-07,1165.31
1207,2022-08-09,1172.27
1208,2022-08-10,1176.18
1209,2022-08-11,1195.2
1210,2022-08-15,1203.5
1211,2022-08-16,1209.79
1212,2022-08-17,1208.04
1213,2022-08-18,1186.5
1214,2022-08-21,1183.21
1215,2022-08-22,1201.46
1216,2022-08-23,1198.26
1217,2022-08-24,1194.77
1218,2022-08-25,1188.39
1219,2022-08-28,1179.15
1220,2022-08-29,1197.44
1221,2022-08-31,1162.24
1222,2022-09-01,1148.67
1223,2022-09-04,1166.51
1224,2022-09-05,1178.79
1225,2022-09-06,1171.93
1226,2022-09-07,1173.59
1227,2022-09-08,1166.28
1228,2022-09-11,1179.33
1229,2022-09-12,1189.18
1230,2022-09-13,1174.93
1231,2022-09-14,1163.29
1232,2022-09-15,1134.46
1233,2022-09-18,1135.94
1234,2022-09-19,1136.12
1235,2022-09-20,1139.25
1236,2022-09-21,1128.52
1237,2022-09-22,1107.36
1238,2022-09-25,1079.15
1239,2022-09-26,1087.73
1240,2022-09-27,1058.77
1241,2022-09-28,1055.52
1242,2022-09-29,1079.33
1243,2022-10-02,1075.59
1244,2022-10-03,1095.42
1245,2022-10-05,1099.46
1246,2022-10-06,1104.12
1247,2022-10-09,1092.06
1248,2022-10-10,1070.32
1249,2022-10-11,1078.2
1250,2022-10-12,1081.62
1251,2022-10-13,1076.13
1252,2022-10-16,1093.4
1253,2022-10-17,1112.7
1254,2022-10-18,1132.06
1255,2022-10-19,1135.1
1256,2022-10-20,1121.93
1257,2022-10-23,1125.68
1258,2022-10-24,1108.29
1259,2022-10-26,1112.65
1260,2022-10-27,1146.7
1261,2022-10-30,1157.34
1262,2022-10-31,1148.37
1263,2022-11-01,1155.55
1264,2022-11-02,1159.86
1265,2022-11-03,1176.93
1266,2022-11-06,1183.21
1267,2022-11-08,1182.03
1268,2022-11-09,1167.73
1269,2022-11-10,1194.65
1270,2022-11-13,1188.87
1271,2022-11-14,1183.53
1272,2022-11-15,1176.75
1273,2022-11-16,1179.79
1274,2022-11-17,1179.15
1275,2022-11-20,1157.93
1276,2022-11-21,1164.35
1277,2022-11-22,1160.72
1278,2022-11-23,1170.73
1279,2022-11-24,1188.21
1280,2022-11-27,1229.04
1281,2022-11-28,1231.15
1282,2022-11-29,1239.84
1283,2022-11-30,1236.19
1284,2022-12-01,1235.67
1285,2022-12-04,1217.64
1286,2022-12-05,1221.16
1287,2022-12-06,1203.14
1288,2022-12-07,1202.57
1289,2022-12-08,1184.35
1290,2022-12-11,1186.16
1291,2022-12-12,1191.57
1292,2022-12-13,1187.25
1293,2022-12-14,1170.39
1294,2022-12-15,1164.6
1295,2022-12-18,1179.9
1296,2022-12-19,1190.11
1297,2022-12-20,1173.18
1298,2022-12-21,1170.14
1299,2022-12-22,1135.82
1300,2022-12-25,1145.74
1301,2022-12-26,1155.12
1302,2022-12-27,1155.0
1303,2022-12-28,1154.48
1304,2022-12-29,1156.25
1305,2023-01-01,1169.28
1306,2023-01-02,1160.72
1307,2023-01-03,1143.25
1308,2023-01-04,1141.2
1309,2023-01-05,1151.58
1310,2023-01-08,1178.77
1311,2023-01-09,1161.33
1312,2023-01-10,1146.7
1313,2023-01-11,1121.93
1314,2023-01-12,1120.12
1315,2023-01-15,1109.45
1316,2023-01-16,1125.2
1317,2023-01-17,1123.34
1318,2023-01-18,1122.14
1319,2023-01-19,1108.79
1320,2023-01-22,1103.19
1321,2023-01-23,1096.67
1322,2023-01-24,1081.51
1323,2023-01-26,1060.99
1324,2023-01-29,1071.16
1325,2023-01-30,1068.48
1326,2023-01-31,1062.15
1327,2023-02-01,1056.27
1328,2023-02-02,1057.2
1329,2023-02-05,1049.24
1330,2023-02-06,1046.72
1331,2023-02-07,1067.62
1332,2023-02-08,1069.48
1333,2023-02-09,1060.68
1334,2023-02-12,1054.64
1335,2023-02-13,1079.49
1336,2023-02-14,1103.94
1337,2023-02-15,1103.07
1338,2023-02-16,1107.68
1339,2023-02-19,1095.97
1340,2023-02-20,1104.91
1341,2023-02-21,1079.85
1342,2023-02-22,1074.68
1343,2023-02-23,1082.03
1344,2023-02-26,1074.84
1345,2023-02-27,1054.28
1346,2023-02-28,1063.97
1347,2023-03-01,1055.86
1348,2023-03-02,1082.8
1349,2023-03-05,1093.38
1350,2023-03-07,1097.31
1351,2023-03-08,1070.93
1352,2023-03-09,1054.34
1353,2023-03-12,1037.0
1354,2023-03-13,1033.12
1355,2023-03-14,1015.46
1356,2023-03-15,1010.4
1357,2023-03-16,1009.13
1358,2023-03-19,999.21
1359,2023-03-20,1030.28
1360,2023-03-21,1033.42
1361,2023-03-22,1020.34
1362,2023-03-23,1000.14
1363,2023-03-26,1015.69
1364,2023-03-27,1020.43
1365,2023-03-28,1014.4
1366,2023-03-30,1058.13
1367,2023-04-02,1058.32
1368,2023-04-04,1055.77
1369,2023-04-05,1062.85
1370,2023-04-09,1055.32
1371,2023-04-10,1060.54
1372,2023-04-11,1065.21
1373,2023-04-12,1069.23
1374,2023-04-16,1074.66
1375,2023-04-17,1062.36
1376,2023-04-18,1067.64
1377,2023-04-19,1064.94
1378,2023-04-20,1066.28
1379,2023-04-23,1070.37
1380,2023-04-24,1078.56
1381,2023-04-25,1072.23
1382,2023-04-26,1079.01
1383,2023-04-27,1098.74
1384,2023-05-01,1108.07
1385,2023-05-02,1098.56
1386,2023-05-03,1111.22
1387,2023-05-04,1108.38
1388,2023-05-07,1122.07
1389,2023-05-08,1125.54
1390,2023-05-09,1133.28
1391,2023-05-10,1125.88
1392,2023-05-11,1127.72
1393,2023-05-14,1129.95
1394,2023-05-15,1113.85
1395,2023-05-16,1107.27
1396,2023-05-17,1104.89
1397,2023-05-18,1108.47
1398,2023-05-21,1114.4
1399,2023-05-22,1114.19
1400,2023-05-23,1107.7
1401,2023-05-24,1107.57
1402,2023-05-25,1137.78
1403,2023-05-28,1144.18
1404,2023-05-29,1143.88
1405,2023-05-30,1121.16
1406,2023-05-31,1118.14
1407,2023-06-01,1114.49
1408,2023-06-04,1124.5
1409,2023-06-05,1125.45
1410,2023-06-06,1133.99
1411,2023-06-07,1134.67
1412,2023-06-08,1126.63
1413,2023-06-11,1127.63
1414,2023-06-12,1144.29
1415,2023-06-13,1158.36
1416,2023-06-14,1158.68
1417,2023-06-15,1169.96
1418,2023-06-18,1158.34
1419,2023-06-19,1160.74
1420,2023-06-20,1164.01
1421,2023-06-21,1150.94
1422,2023-06-22,1141.52
1423,2023-06-25,1132.81
1424,2023-06-26,1133.21
1425,2023-06-27,1148.22
1426,2023-06-29,1157.63
1427,2023-07-02,1187.34
1428,2023-07-03,1175.11
1429,2023-07-04,1173.18
1430,2023-07-05,1197.81
1431,2023-07-06,1195.47
1432,2023-07-09,1241.52
1433,2023-07-10,1254.98
1434,2023-07-11,1256.36
1435,2023-07-12,1245.13
1436,2023-07-13,1244.09
1437,2023-07-16,1269.51
1438,2023-07-17,1280.29
1439,2023-07-18,1290.0
1440,2023-07-19,1309.93
1441,2023-07-20,1269.38
1442,2023-07-23,1243.7
1443,2023-07-24,1242.9
1444,2023-07-25,1263.1
1445,2023-07-26,1251.35
1446,2023-07-27,1263.93
1447,2023-07-30,1274.63
1448,2023-07-31,1256.6
1449,2023-08-01,1243.18
1450,2023-08-02,1237.95
1451,2023-08-03,1254.78
1452,2023-08-06,1261.93
1453,2023-08-07,1254.33
1454,2023-08-08,1262.6
1455,2023-08-09,1268.23
1456,2023-08-10,1273.58
1457,2023-08-13,1288.63
1458,2023-08-15,1287.58
1459,2023-08-16,1269.0
1460,2023-08-17,1278.4
1461,2023-08-20,1260.0
1462,2023-08-21,1259.7
1463,2023-08-22,1261.1
1464,2023-08-23,1239.9
1465,2023-08-24,1234.18
1466,2023-08-27,1221.88
1467,2023-08-28,1210.18
1468,2023-08-29,1209.03
1469,2023-08-30,1203.5
1470,2023-08-31,1206.33
1471,2023-09-03,1205.35
1472,2023-09-04,1211.8
1473,2023-09-05,1214.35
1474,2023-09-06,1216.0
1475,2023-09-07,1224.1
1476,2023-09-10,1237.3
1477,2023-09-11,1219.43
1478,2023-09-12,1225.53
1479,2023-09-13,1226.65
1480,2023-09-14,1228.93
1481,2023-09-17,1218.23
1482,2023-09-19,1191.08
1483,2023-09-20,1182.4
1484,2023-09-21,1177.48
1485,2023-09-24,1170.23
1486,2023-09-25,1171.25
1487,2023-09-26,1184.45
1488,2023-09-27,1167.05
1489,2023-09-28,1172.5
1490,2023-10-02,1159.08
1491,2023-10-03,1157.08
1492,2023-10-04,1157.05
1493,2023-10-05,1159.0
1494,2023-10-08,1149.13
1495,2023-10-09,1154.2
1496,2023-10-10,1172.53
1497,2023-10-11,1174.7
1498,2023-10-12,1174.65
1499,2023-10-15,1172.03
1500,2023-10-16,1177.63
1501,2023-10-17,1162.0
1502,2023-10-18,1153.08
1503,2023-10-19,1149.55
1504,2023-10-22,1131.6
1505,2023-10-24,1128.98
1506,2023-10-25,1113.25
1507,2023-10-26,1132.9
1508,2023-10-29,1156.25
1509,2023-10-30,1143.95
1510,2023-10-31,1148.7
1511,2023-11-01,1160.1
1512,2023-11-02,1159.85
1513,2023-11-05,1169.5
1514,2023-11-06,1161.9
1515,2023-11-07,1167.95
1516,2023-11-08,1155.28
1517,2023-11-09,1157.45
1518,2023-11-11,1165.33
1519,2023-11-12,1157.3
1520,2023-11-14,1178.23
1521,2023-11-15,1180.35
1522,2023-11-16,1177.78
1523,2023-11-19,1174.68
1524,2023-11-20,1189.45
1525,2023-11-21,1194.1
1526,2023-11-22,1197.75
1527,2023-11-23,1196.95
1528,2023-11-27,1197.2
1529,2023-11-28,1200.35
1530,2023-11-29,1188.73
1531,2023-11-30,1197.15
1532,2023-12-03,1210.1
1533,2023-12-04,1218.88
1534,2023-12-05,1230.55
1535,2023-12-06,1228.53
1536,2023-12-07,1227.88
1537,2023-12-10,1229.68
1538,2023-12-11,1212.03
1539,2023-12-12,1216.98
1540,2023-12-13,1232.08
1541,2023-12-14,1247.8
1542,2023-12-17,1260.5
1543,2023-12-18,1279.05
1544,2023-12-19,1263.58
1545,2023-12-20,1281.28
1546,2023-12-21,1282.53
1547,2023-12-25,1289.03
1548,2023-12-26,1293.43
1549,2023-12-27,1302.78
1550,2023-12-28,1292.48
1551,2023-12-31,1295.13
1552,2024-01-01,1305.85
1553,2024-01-02,1291.65
1554,2024-01-03,1298.33
1555,2024-01-04,1303.85
1556,2024-01-07,1293.68
1557,2024-01-08,1290.25
1558,2024-01-09,1325.05
1559,2024-01-10,1359.9
1560,2024-01-11,1370.73
1561,2024-01-14,1394.13
1562,2024-01-15,1374.63
1563,2024-01-16,1361.58
1564,2024-01-17,1367.95
1565,2024-01-18,1367.45
1566,2024-01-19,1356.65
1567,2024-01-22,1328.58
1568,2024-01-23,1343.88
1569,2024-01-24,1353.08
1570,2024-01-28,1448.05
1571,2024-01-29,1407.63
1572,2024-01-30,1426.63
1573,2024-01-31,1426.65
1574,2024-02-01,1457.7
1575,2024-02-04,1439.03
1576,2024-02-05,1427.8
1577,2024-02-06,1442.15
1578,2024-02-07,1450.13
1579,2024-02-08,1460.75
1580,2024-02-11,1452.35
1581,2024-02-12,1465.1
1582,2024-02-13,1481.38
1583,2024-02-14,1470.6
1584,2024-02-15,1460.58
1585,2024-02-18,1474.0
1586,2024-02-19,1471.03
1587,2024-02-20,1467.7
1588,2024-02-21,1481.75
1589,2024-02-22,1493.63
1590,2024-02-25,1487.33
1591,2024-02-26,1485.65
1592,2024-02-27,1455.63
1593,2024-02-28,1460.8
1594,2024-02-29,1492.13
1595,2024-03-01,1491.08
1596,2024-03-03,1507.4
1597,2024-03-04,1500.2
1598,2024-03-05,1503.0
1599,2024-03-06,1478.93
1600,2024-03-10,1466.6
1601,2024-03-11,1475.43
1602,2024-03-12,1432.18
1603,2024-03-13,1431.48
1604,2024-03-14,1418.23
1605,2024-03-17,1439.48
1606,2024-03-18,1425.25
1607,2024-03-19,1443.75
1608,2024-03-20,1450.98
1609,2024-03-21,1455.03
1610,2024-03-25,1441.58
1611,2024-03-26,1492.85
1612,2024-03-27,1485.85
1613,2024-03-31,1484.78
1614,2024-04-01,1486.95
1615,2024-04-02,1471.6
1616,2024-04-03,1462.93
1617,2024-04-04,1460.1
1618,2024-04-07,1485.98
1619,2024-04-08,1463.65
1620,2024-04-09,1479.58
1621,2024-04-11,1467.15
1622,2024-04-14,1464.83
1623,2024-04-15,1465.75
1624,2024-04-17,1464.33
1625,2024-04-18,1470.13
1626,2024-04-21,1479.85
1627,2024-04-22,1459.33
1628,2024-04-23,1450.18
1629,2024-04-24,1459.98
1630,2024-04-25,1452.55
1631,2024-04-28,1465.03
1632,2024-04-29,1467.0
1633,2024-05-01,1466.55
1634,2024-05-02,1434.0
1635,2024-05-05,1419.53
1636,2024-05-06,1401.48
1637,2024-05-07,1418.55
1638,2024-05-08,1394.13
1639,2024-05-09,1407.43
1640,2024-05-12,1402.7
1641,2024-05-13,1420.08
1642,2024-05-14,1416.28
1643,2024-05-15,1425.35
1644,2024-05-16,1435.7
1645,2024-05-17,1434.83
1646,2024-05-20,1436.13
1647,2024-05-21,1460.65
1648,2024-05-22,1486.05
1649,2024-05-23,1480.25
1650,2024-05-26,1466.25
1651,2024-05-27,1456.2
1652,2024-05-28,1440.78
1653,2024-05-29,1424.85
1654,2024-05-30,1430.4
1655,2024-06-02,1510.33
1656,2024-06-03,1397.28
1657,2024-06-04,1420.75
1658,2024-06-05,1431.6
1659,2024-06-06,1469.95
1660,2024-06-09,1471.4
1661,2024-06-10,1456.68
1662,2024-06-11,1463.33
1663,2024-06-12,1465.25
1664,2024-06-13,1477.55
1665,2024-06-17,1481.03
1666,2024-06-18,1458.65
1667,2024-06-19,1473.7
1668,2024-06-20,1454.2
1669,2024-06-23,1441.48
1670,2024-06-24,1454.15
1671,2024-06-25,1514.03
1672,2024-06-26,1530.55
1673,2024-06-27,1565.4
1674,2024-06-30,1560.15
1675,2024-07-01,1565.18
1676,2024-07-02,1552.43
1677,2024-07-03,1554.03
1678,2024-07-04,1588.63
1679,2024-07-07,1600.9
1680,2024-07-08,1590.28
1681,2024-07-09,1584.23
1682,2024-07-10,1580.65
1683,2024-07-11,1596.73
1684,2024-07-14,1597.23
1685,2024-07-15,1576.25
1686,2024-07-17,1586.68
1687,2024-07-18,1555.15
1688,2024-07-21,1500.68
1689,2024-07-22,1487.9
1690,2024-07-23,1495.7
1691,2024-07-24,1492.4
1692,2024-07-25,1509.03
1693,2024-07-28,1520.1
1694,2024-07-29,1513.15
1695,2024-07-30,1505.43
1696,2024-07-31,1515.3
1697,2024-08-01,1499.33
1698,2024-08-04,1447.33
1699,2024-08-05,1456.05
1700,2024-08-06,1464.83
1701,2024-08-07,1449.13
1702,2024-08-08,1474.3
1703,2024-08-11,1460.63
1704,2024-08-12,1463.63
1705,2024-08-13,1461.85
1706,2024-08-15,1478.2
1707,2024-08-18,1488.4
1708,2024-08-19,1495.95
1709,2024-08-20,1498.68
1710,2024-08-21,1498.13
1711,2024-08-22,1499.98
1712,2024-08-25,1512.6
1713,2024-08-26,1500.45
1714,2024-08-27,1498.3
1715,2024-08-28,1520.93
1716,2024-08-29,1509.63
1717,2024-09-01,1516.25
1718,2024-09-02,1509.13
1719,2024-09-03,1514.55
1720,2024-09-04,1492.98
1721,2024-09-05,1464.83
1722,2024-09-08,1462.45
1723,2024-09-09,1461.53
1724,2024-09-10,1451.5
1725,2024-09-11,1479.8
1726,2024-09-12,1472.63
1727,2024-09-15,1471.35
1728,2024-09-16,1472.3
1729,2024-09-17,1463.45
1730,2024-09-18,1469.68
1731,2024-09-19,1485.93
1732,2024-09-22,1493.38
1733,2024-09-23,1489.38
1734,2024-09-24,1493.95
1735,2024-09-25,1497.95
1736,2024-09-26,1526.18
1737,2024-09-29,1476.58
1738,2024-09-30,1464.83
1739,2024-10-02,1406.98
1740,2024-10-03,1386.53
1741,2024-10-06,1370.73
1742,2024-10-07,1397.35
1743,2024-10-08,1374.6
1744,2024-10-09,1371.05
1745,2024-10-10,1372.1
1746,2024-10-13,1372.53
1747,2024-10-14,1344.03
1748,2024-10-15,1354.08
1749,2024-10-16,1356.43
1750,2024-10-17,1359.3
1751,2024-10-20,1369.2
1752,2024-10-21,1343.35
1753,2024-10-22,1338.53
1754,2024-10-23,1339.8
1755,2024-10-24,1327.85
1756,2024-10-27,1334.35
1757,2024-10-28,1340.0
1758,2024-10-29,1343.9
1759,2024-10-30,1332.05
1760,2024-10-31,1338.65
1761,2024-11-03,1302.15
1762,2024-11-04,1305.3
1763,2024-11-05,1325.35
1764,2024-11-06,1305.65
1765,2024-11-07,1283.75
1766,2024-11-10,1272.7
1767,2024-11-11,1274.25
1768,2024-11-12,1252.05
1769,2024-11-13,1267.6
1770,2024-11-17,1260.75
1771,2024-11-18,1241.65
1772,2024-11-20,1223.0
1773,2024-11-21,1265.4
1774,2024-11-24,1287.0
1775,2024-11-25,1295.7
1776,2024-11-26,1293.2
1777,2024-11-27,1270.8
1778,2024-11-28,1292.2
1779,2024-12-01,1309.15
1780,2024-12-02,1323.3
1781,2024-12-03,1308.95
1782,2024-12-04,1322.05
1783,2024-12-05,1311.55
1784,2024-12-08,1295.15
1785,2024-12-09,1284.85
1786,2024-12-10,1278.2
1787,2024-12-11,1262.9
1788,2024-12-12,1272.85
1789,2024-12-15,1268.3
1790,2024-12-16,1245.3
1791,2024-12-17,1253.25
1792,2024-12-18,1230.45
1793,2024-12-19,1205.3
1794,2024-12-22,1222.3
1795,2024-12-23,1222.75
1796,2024-12-25,1216.55
1797,2024-12-26,1221.05
1798,2024-12-29,1210.7
1799,2024-12-30,1215.45
1800,2024-12-31,1221.25
1801,2025-01-01,1241.8
1802,2025-01-02,1251.15
1803,2025-01-05,1218.0
1804,2025-01-06,1240.85
1805,2025-01-07,1265.5
1806,2025-01-08,1254.75
1807,2025-01-09,1241.9
1808,2025-01-12,1239.85
1809,2025-01-13,1238.75
1810,2025-01-14,1252.2
1811,2025-01-15,1266.45
1812,2025-01-16,1302.35
1813,2025-01-19,1305.45
1814,2025-01-20,1273.7
1815,2025-01-21,1277.1
1816,2025-01-22,1263.65
1817,2025-01-23,1246.3
1818,2025-01-26,1229.35
1819,2025-01-27,1234.4
1820,2025-01-28,1235.5
1821,2025-01-29,1253.05
1822,2025-01-30,1265.1
1823,2025-01-31,1264.6
1824,2025-02-02,1245.9
1825,2025-02-03,1285.2
1826,2025-02-04,1278.2
1827,2025-02-05,1281.55
1828,2025-02-06,1266.7
1829,2025-02-09,1253.65
1830,2025-02-10,1234.85
1831,2025-02-11,1216.55
1832,2025-02-12,1216.1
1833,2025-02-13,1217.25
1834,2025-02-16,1224.9
